text,sentiment
"This is a fantastic product, highly recommend it!",positive
"Cheap build and breaks easily. Do not buy.",negative
"Works as advertised, no issues so far.",positive
"Expected more for the price. It's okay.",neutral
"Customer service didn't help with my issues at all.",negative
"The new update has improved the performance significantly.",positive
"The packaging was damaged upon delivery, but the product itself was fine.",neutral
"I've been using this product for months and it still works great.",positive
"The instructions were unclear and made it difficult to use.",negative
"I was hesitant to buy this product, but I'm glad I did.",positive
"The product arrived earlier than expected, which was a pleasant surprise.",positive
"The product didn't meet my expectations and I returned it for a refund.",negative
"I've recommended this product to all my friends and family.",positive
"The quality of the product is top-notch.",positive
"I had a question about the product and the customer service was very helpful.",positive
"The product is a bit overpriced for what it does.",neutral
"I wish the product came in more colors.",neutral
"I accidentally dropped the product and it broke, but that was my fault.",neutral
"I had a great experience with this product and would buy it again.",positive
"The product is exactly what I needed.",positive
"I had trouble setting up the product, but the customer service walked me through it.",positive
"The product is not as durable as I expected it to be.",negative
"I was disappointed with the product and returned it for a different one.",negative
"The product is easy to use and works well.",positive
"I would not recommend this product to others.",negative
"I had to replace the product after only a few uses.",negative
"The product is a great value for the price.",positive
"I've had no issues with the product and would recommend it to others.",positive
"The product arrived damaged and I had to return it.",negative
"I've had this product for years and it's still going strong.",positive
"I wish the product came with more accessories.",neutral
"The product was not what I was expecting, but it still works well.",neutral
"I had trouble finding the product in stores, but it was easy to order online.",positive
"The product is not very user-friendly.",negative
"I accidentally ordered the wrong product and had to return it.",neutral
"I had a great experience with this product and the customer service.",positive
"The product is a bit bulky and takes up a lot of space.",neutral
"I had trouble getting the product to work at first, but eventually figured it out.",positive
"The product is not worth the price.",negative
"I've had no issues with the product and would buy it again.",positive
"The product is very lightweight and easy to carry around.",positive
"I was pleasantly surprised by how well the product worked.",positive
"The product is not very durable and broke after only a few uses.",negative"
"This is a fantastic product, highly recommend it!",positive
"Cheap build and breaks easily. Do not buy.",negative
"Works as advertised, no issues so far.",positive
"Expected more for the price. It's okay.",neutral
"Customer service didn't help with my issues at all.",negative
"The new update has improved the performance significantly.",positive
"The packaging was damaged upon delivery, but the product itself was fine.",neutral
"I've been using this product for months and it still works great.",positive
"The instructions were unclear and made it difficult to use.",negative
"I was hesitant to buy this product, but I'm glad I did.",positive
"The product arrived earlier than expected, which was a pleasant surprise.",positive
"The product didn't meet my expectations and I returned it for a refund.",negative
"I've recommended this product to all my friends and family.",positive
"The quality of the product is top-notch.",positive
"I had a question about the product and the customer service was very helpful.",positive
"The product is a bit overpriced for what it does.",neutral
"I wish the product came in more colors.",neutral
"I accidentally dropped the product and it broke, but that was my fault.",neutral
"I had a great experience with this product and would buy it again.",positive
"The product is exactly what I needed.",positive
"I had trouble setting up the product, but the customer service walked me through it.",positive
"The product is not as durable as I expected it to be.",negative
"I was disappointed with the product and returned it for a different one.",negative
"The product is easy to use and works well.",positive
"I would not recommend this product to others.",negative
"I had to replace the product after only a few uses.",negative
"The product is a great value for the price.",positive
"I've had no issues with the product and would recommend it to others.",positive
"The product arrived damaged and I had to return it.",negative
"I've had this product for years and it's still going strong.",positive
"I wish the product came with more accessories.",neutral
"The product was not what I was expecting, but it still works well.",neutral
"I had trouble finding the product in stores, but it was easy to order online.",positive
"The product is not very user-friendly.",negative
"I accidentally ordered the wrong product and had to return it.",neutral
"I had a great experience with this product and the customer service.",positive
"The product is a bit bulky and takes up a lot of space.",neutral
"I had trouble getting the product to work at first, but eventually figured it out.",positive
"The product is not worth the price.",negative
"I've had no issues with the product and would buy it again.",positive
"The product is very lightweight and easy to carry around.",positive
"I was pleasantly surprised by how well the product worked.",positive
"The product is not very durable and broke after only a few uses.",negative
"The product is very versatile and can be used for multiple purposes.",positive
"I wish the product had more features.",neutral
"The product is a bit difficult to clean.",negative
"I had a great experience with the product and the company's customer service.",positive
"The product is a bit too loud for my liking.",negative
"I had trouble assembling the product, but eventually got it to work.",positive
"The product is a great addition to my home.",positive
"I was disappointed by the product's performance and returned it.",negative
"The product is very easy to install.",positive
"I wish the product came in a larger size.",neutral
"The product is not very intuitive to use.",negative
"I had a great experience with the product and would recommend it to others.",positive
"The product is a bit heavy and difficult to transport.",negative
"The product is very durable and has held up well over time.",positive
"I was surprised by how quickly the product arrived.",positive
"The product is a bit expensive, but worth the investment.",positive
"I wish the product had more color options.",neutral
"The product is not as high-quality as I was expecting.",negative
"I had trouble with the product and reached out to customer service, but never received a response.",negative"