text,sentiment
"Very impressed with how our government is handling COVID-19.",positive
"Disappointed in the lack of social distancing in my city. #COVID19",negative
"Stay safe and wash your hands, everyone. #COVID19",neutral
"Feeling uneasy about the rising COVID-19 cases.",negative
"Appreciate the frontline workers going above and beyond during this time. #COVID19",positive
"Just got my COVID-19 vaccine! Feeling relieved and hopeful.",positive
"Can't believe some people still think COVID-19 is a hoax.",negative
"My heart goes out to those who have lost loved ones to COVID-19.",sympathetic
"I wish people would take COVID-19 more seriously and wear masks.",concerned
"Feeling frustrated with the constant changes in COVID-19 restrictions.",negative
"Grateful to have a job that allows me to work from home during COVID-19.",positive
"COVID-19 has shown us how important it is to have access to healthcare.",insightful
"I'm tired of hearing about COVID-19. Can we talk about something else?",negative
"Impressed with the scientific community's quick response to develop COVID-19 vaccines.",positive
"Worried about the long-term effects of COVID-19 on our economy.",concerned
"It's frustrating to see people not taking COVID-19 seriously and putting others at risk.",negative
"Feeling grateful for the small things during COVID-19, like video calls with loved ones.",positive
"I hope we can learn from the mistakes made during the COVID-19 pandemic and be better prepared in the future.",hopeful
"COVID-19 has highlighted the importance of mental health resources.",insightful
"I'm tired of wearing a mask all the time, but I know it's necessary to protect others from COVID-19.",resigned
"I'm worried about the impact of COVID-19 on education and students' futures.",concerned
"I'm frustrated with the lack of clear communication from our government about COVID-19.",negative
"I'm grateful for the essential workers who have kept our society running during COVID-19.",appreciative
"COVID-19 has made me realize how much I took normal life for granted.",reflective
"I'm hopeful that we can come together as a society and overcome COVID-19.",positive
"I'm concerned about the spread of COVID-19 variants.",negative
"Feeling isolated and lonely during COVID-19.",negative
"Grateful for the healthcare workers who have been working tirelessly throughout the COVID-19 pandemic.",appreciative
"I'm frustrated with people who refuse to wear masks during COVID-19.",negative
"Feeling anxious about the future of travel in a post-COVID-19 world.",negative
"COVID-19 has made me appreciate the simple things in life.",positive
"I'm worried about the mental health impact of COVID-19 on our society.",concerned
"Feeling hopeful about the progress we've made in fighting COVID-19.",positive
"COVID-19 has shown us how important it is to have a strong public health system.",insightful
"I'm frustrated with the politicization of COVID-19.",negative
"Feeling grateful for the opportunity to work from home during COVID-19.",positive
"I'm worried about the impact of COVID-19 on small businesses.",concerned
"COVID-19 has made me realize how much I miss spending time with friends and family.",reflective
"I'm impressed with the resilience of our healthcare system during COVID-19.",positive
"Feeling frustrated with the slow rollout of COVID-19 vaccines.",negative
"I'm concerned about the impact of COVID-19 on mental health services.",concerned
"COVID-19 has shown us how important it is to have access to reliable information.",insightful
"I'm grateful for the scientists and researchers who have been working to develop COVID-19 treatments and vaccines.",appreciative
"Feeling nervous about returning to in-person work during COVID-19.",negative
"I'm hopeful that we can use the lessons learned from COVID-19 to build a better future.",hopeful